Zeitstempel,Coin,Einstiegspreis,RSI,Status,Aktueller Preis,P&L (%)
2026-10-01 14:03:55,BTC-USD,83933.1,56.0,Offen,83629.26,-0.36
2026-10-01 14:03:56,ETH-USD,2704.95,58.8,Offen,2689.18,-0.58
2026-10-01 14:03:57,AVAX-USD,11.03,54.9,Offen,10.95,-0.72
2026-10-01 15:04:02,BTC-USD,83818.48,53.7,83818.48,0.0,Offen
2026-10-01 15:04:05,ETH-USD,2701.54,57.1,2701.54,0.0,Offen
2026-10-01 15:17:11,BTC-USD (Bitcoin),83818.48,53.7,83818.48,0.0,Offen
2026-10-01 15:17:12,ETH-USD (Ethereum),2701.54,57.1,2701.54,0.0,Offen
2026-10-01 15:48:24,IBIT (iShares Bitcoin Trust),47.49,49.7,47.49,0.0,Offen
2026-10-01 16:17:18,ETH-USD (Ethereum),2698.38,55.6,2698.38,0.0,Offen
2026-10-01 16:48:27,IBIT (iShares Bitcoin Trust),47.49,49.5,47.49,0.0,Offen
2026-10-01 17:19:26,ETH-USD (Ethereum),2694.37,52.3,2694.37,0.0,Offen
